{"sections":{"video_qRaXr3":{"type":"video","disabled":true,"name":"t:sections.video.presets.name","settings":{"heading":"","heading_size":"h1","enable_video_looping":true,"video":"shopify:\/\/files\/videos\/c0e00aea307d4b9a9141b5943df5d470.HD-1080p-7.2Mbps-53371744_9236fa7d-1657-4a75-851d-c02d344234ba.mp4","video_url":"","description":"","full_width":true,"color_scheme":"","padding_top":32,"padding_bottom":20}},"custom_video_Tpg3PW":{"type":"custom-video","name":"Custom Video","settings":{"velo_video":"shopify:\/\/files\/videos\/c0e00aea307d4b9a9141b5943df5d470.HD-1080p-7.2Mbps-53371744_9236fa7d-1657-4a75-851d-c02d344234ba.mp4"}},"suns_mart_icons_section_DHayWP":{"type":"suns-mart-icons-section","name":"snus mart icons","settings":{"snus_mart_icon_section_text_1":"<p>Our Customers say<\/p>","snus_mart_icon_section_text_2":"<h3>Excellent<\/h3>","snus_mart_icon_section_image_1":"shopify:\/\/shop_images\/10001.svg","snus_mart_icon_section_text_3":"<p><strong>4.6<\/strong>out of 5 based on<strong>798 reviews<\/strong><\/p>","snus_mart_icon_section_image_2":"shopify:\/\/shop_images\/10002.svg"}},"snus_mart_icons_section_2_9rxPK9":{"type":"snus-mart-icons-section-2","name":"snus mart icons 2","settings":{"snus_mart_icon_section2_image_1":"shopify:\/\/shop_images\/Captuxxxxxre.png","snus_mart_icon_section2_text_1":"<p>FAST DELIVERY<\/p>","snus_mart_icon_section2_image_2":"shopify:\/\/shop_images\/Captuasassre.png","snus_mart_icon_section2_text_2":"<p>DISCREET PACKAGING<\/p>","snus_mart_icon_section2_image_3":"shopify:\/\/shop_images\/Capqqqqqture.png","snus_mart_icon_section2_text_3":"<p>SECURE PAYMENT<\/p>","snus_mart_icon_section2_image_4":"shopify:\/\/shop_images\/Capqqqqqqture.png","snus_mart_icon_section2_text_4":"<p>HIGH CUSTOMER RATING<\/p>"}},"suns_mart_icon_section_3_JrynGT":{"type":"suns-mart-icon-section-3","name":"snus mart icons 3","settings":{"snus_mart_icon_section3_image_1":"shopify:\/\/shop_images\/Capturrrrrre.png","snus_mart_icon_section3_text_1":"<p><strong>MINT<\/strong><\/p>","snus_mart_icon_section3_image_2":"shopify:\/\/shop_images\/Captrrrrrttttture.png","snus_mart_icon_section3_text_2":"<p><strong>APPLE<\/strong><\/p>","snus_mart_icon_section3_image_3":"shopify:\/\/shop_images\/Capterrrure.png","snus_mart_icon_section3_text_3":"<p><strong>WATERMELON<\/strong><\/p>","snus_mart_icon_section3_image_4":"shopify:\/\/shop_images\/Capteeure.png","snus_mart_icon_section3_text_4":"<p><strong>ENERGY DRINK<\/strong><\/p>","snus_mart_icon_section3_image_5":"shopify:\/\/shop_images\/Captuwwwwwwwwre.png","snus_mart_icon_section3_text_5":"<p><strong>BERRIES<\/strong><\/p>","snus_mart_icon_section3_image_6":"shopify:\/\/shop_images\/Capteeeeeeeeure.png","snus_mart_icon_section3_text_6":"<p><strong>PINEAPPLE<\/strong><\/p>","snus_mart_icon_section3_image_7":"shopify:\/\/shop_images\/Captwwwwwwwwwwwwwure.png","snus_mart_icon_section3_text_7":"<p><strong>BLUEBERRY<\/strong><\/p>","snus_mart_icon_section3_image_8":"shopify:\/\/shop_images\/Captggure.png","snus_mart_icon_section3_text_8":"<p><strong>LIME<\/strong><\/p>","snus_mart_icon_section3_image_9":"shopify:\/\/shop_images\/Captudddre.png","snus_mart_icon_section3_text_9":"<p><strong>BUBBLEGUM<\/strong><\/p>"}},"snus_mart_tracker_QfRgBa":{"type":"snus-mart-tracker","name":"Snus Mart Tracker","settings":{"active_step":1,"step1_title":"Choose products","step1_desc":"Select your desired products and add them to the cart","step2_title":"Confirm & Pay","step2_desc":"Add your payment details and pay for your order!","step3_title":"Tracking & Invoice","step3_desc":"You'll receive a tracking link & invoice on mail","step4_title":"Woohoo!","step4_desc":"Your package has been delivered!"}},"rich_text_H8WDcD":{"type":"rich-text","blocks":{"heading_Ng4fqf":{"type":"heading","settings":{"heading":"<strong>CLEW <\/strong>PRODUCTS","heading_size":"h1"}},"text_UKmDmM":{"type":"text","settings":{"text":"<p>MORE CLEW PRODUCTS<\/p>"}}},"block_order":["heading_Ng4fqf","text_UKmDmM"],"name":"t:sections.rich-text.presets.name","settings":{"desktop_content_position":"center","content_alignment":"center","color_scheme":"","full_width":true,"padding_top":40,"padding_bottom":4}},"featured_collection_P8V3pk":{"type":"featured-collection","name":"t:sections.featured-collection.presets.name","settings":{"collection":"suns-mart","products_to_show":4,"title":"","heading_size":"h1","description":"","show_description":false,"description_style":"body","columns_desktop":4,"enable_desktop_slider":false,"full_width":false,"show_view_all":false,"view_all_style":"solid","color_scheme":"","image_ratio":"adapt","image_shape":"default","show_secondary_image":false,"show_vendor":false,"show_rating":false,"quick_add":"none","columns_mobile":"2","swipe_on_mobile":false,"padding_top":0,"padding_bottom":36}},"rich_text_xHyUrR":{"type":"rich-text","blocks":{"heading_VhNHBP":{"type":"heading","settings":{"heading":"VELO PRODUCTS","heading_size":"h1"}},"text_bGiYGM":{"type":"text","settings":{"text":"<p>MORE VELO PRODUCTS<\/p>"}}},"block_order":["heading_VhNHBP","text_bGiYGM"],"name":"t:sections.rich-text.presets.name","settings":{"desktop_content_position":"center","content_alignment":"center","color_scheme":"scheme-2","full_width":true,"padding_top":40,"padding_bottom":4}},"featured_collection_Kbq7QF":{"type":"featured-collection","name":"t:sections.featured-collection.presets.name","settings":{"collection":"velo-products","products_to_show":4,"title":"","heading_size":"h1","description":"","show_description":false,"description_style":"body","columns_desktop":4,"enable_desktop_slider":false,"full_width":false,"show_view_all":true,"view_all_style":"solid","color_scheme":"scheme-2","image_ratio":"adapt","image_shape":"default","show_secondary_image":false,"show_vendor":false,"show_rating":false,"quick_add":"none","columns_mobile":"2","swipe_on_mobile":false,"padding_top":12,"padding_bottom":36}},"rich_text_fR6Nfc":{"type":"rich-text","blocks":{"heading_icWAMr":{"type":"heading","settings":{"heading":"PABLO PRODUCTS","heading_size":"h1"}},"text_7Dn7RH":{"type":"text","settings":{"text":"<p>MORE PABLO PRODUCTS<\/p>"}}},"block_order":["heading_icWAMr","text_7Dn7RH"],"name":"t:sections.rich-text.presets.name","settings":{"desktop_content_position":"center","content_alignment":"center","color_scheme":"","full_width":true,"padding_top":40,"padding_bottom":4}},"featured_collection_4ttTU6":{"type":"featured-collection","name":"t:sections.featured-collection.presets.name","settings":{"collection":"pablo","products_to_show":4,"title":"","heading_size":"h1","description":"","show_description":false,"description_style":"body","columns_desktop":4,"enable_desktop_slider":false,"full_width":false,"show_view_all":false,"view_all_style":"solid","color_scheme":"","image_ratio":"adapt","image_shape":"default","show_secondary_image":false,"show_vendor":false,"show_rating":false,"quick_add":"none","columns_mobile":"2","swipe_on_mobile":false,"padding_top":12,"padding_bottom":36}},"rich_text_eWDaUV":{"type":"rich-text","blocks":{"heading_VF7niz":{"type":"heading","settings":{"heading":"kILLA PRODUCTS","heading_size":"h1"}},"text_JfKfjq":{"type":"text","settings":{"text":"<p>MORE KILLA PRODUCTS<\/p>"}}},"block_order":["heading_VF7niz","text_JfKfjq"],"name":"t:sections.rich-text.presets.name","settings":{"desktop_content_position":"center","content_alignment":"center","color_scheme":"scheme-2","full_width":true,"padding_top":40,"padding_bottom":4}},"featured_collection_fjJQtD":{"type":"featured-collection","name":"t:sections.featured-collection.presets.name","settings":{"collection":"killa-products","products_to_show":4,"title":"","heading_size":"h1","description":"","show_description":false,"description_style":"body","columns_desktop":4,"enable_desktop_slider":false,"full_width":false,"show_view_all":true,"view_all_style":"solid","color_scheme":"scheme-2","image_ratio":"adapt","image_shape":"default","show_secondary_image":false,"show_vendor":false,"show_rating":false,"quick_add":"none","columns_mobile":"2","swipe_on_mobile":false,"padding_top":12,"padding_bottom":36}},"rich_text_xiD8Jc":{"type":"rich-text","blocks":{"heading_nTRWmX":{"type":"heading","settings":{"heading":"SNOWMAN PRODUCTS","heading_size":"h1"}},"text_z86A77":{"type":"text","settings":{"text":"<p>MORE SNOWMAN PRODUCTS<\/p>"}}},"block_order":["heading_nTRWmX","text_z86A77"],"name":"t:sections.rich-text.presets.name","settings":{"desktop_content_position":"center","content_alignment":"center","color_scheme":"","full_width":true,"padding_top":40,"padding_bottom":4}},"featured_collection_VUiUR7":{"type":"featured-collection","name":"t:sections.featured-collection.presets.name","settings":{"collection":"snow-man","products_to_show":4,"title":"","heading_size":"h1","description":"","show_description":false,"description_style":"body","columns_desktop":4,"enable_desktop_slider":false,"full_width":false,"show_view_all":false,"view_all_style":"solid","color_scheme":"","image_ratio":"adapt","image_shape":"default","show_secondary_image":true,"show_vendor":false,"show_rating":false,"quick_add":"none","columns_mobile":"2","swipe_on_mobile":false,"padding_top":12,"padding_bottom":36}},"rich_text_88YCVK":{"type":"rich-text","blocks":{"heading_jtTgMM":{"type":"heading","settings":{"heading":"CUBA PRODUCTS","heading_size":"h1"}},"text_y7bTCA":{"type":"text","settings":{"text":"<p>More CUBA PRODUCTS<\/p>"}}},"block_order":["heading_jtTgMM","text_y7bTCA"],"name":"t:sections.rich-text.presets.name","settings":{"desktop_content_position":"center","content_alignment":"center","color_scheme":"scheme-2","full_width":true,"padding_top":40,"padding_bottom":4}},"featured_collection_8QJBJ3":{"type":"featured-collection","name":"t:sections.featured-collection.presets.name","settings":{"collection":"apple","products_to_show":4,"title":"","heading_size":"h1","description":"","show_description":false,"description_style":"body","columns_desktop":4,"enable_desktop_slider":false,"full_width":false,"show_view_all":true,"view_all_style":"solid","color_scheme":"scheme-2","image_ratio":"adapt","image_shape":"default","show_secondary_image":false,"show_vendor":false,"show_rating":false,"quick_add":"none","columns_mobile":"2","swipe_on_mobile":false,"padding_top":12,"padding_bottom":36}},"image_with_text_Ark6tr":{"type":"image-with-text","blocks":{"heading_QrnRBR":{"type":"heading","settings":{"heading":"Club SnusMart.","heading_size":"h1"}},"text_gdpCEy":{"type":"text","settings":{"text":"<p>CLUB SnusMart offers exclusive benefits to our customers, including the opportunity to earn points with every order placed. These points can be redeemed for various rewards and discounts, making your shopping experience even more rewarding. Join our club today to enjoy these perks and more!<\/p>","text_style":"body"}},"button_k9xcyb":{"type":"button","settings":{"button_label":"Join CLUB SunsMart","button_link":"#","button_style_secondary":false}}},"block_order":["heading_QrnRBR","text_gdpCEy","button_k9xcyb"],"name":"t:sections.image-with-text.presets.name","settings":{"image":"shopify:\/\/shop_images\/gift-box-opened-black-gold-bow-mrd3Gv3-600.webp","height":"adapt","desktop_image_width":"medium","layout":"image_first","image_behavior":"none","content_layout":"no-overlap","desktop_content_position":"top","desktop_content_alignment":"left","mobile_content_alignment":"left","section_color_scheme":"scheme-1","color_scheme":"","padding_top":36,"padding_bottom":36}},"suns_mart_information_section_YMb9my":{"type":"suns-mart-information-section","name":"Suns Mart Information","settings":{"suns_mart_head_1":"<h2>What Is Nicotine Pouch and Snus<\/h2>","suns_mart_text_1":"<p>Snus is a product which originated from Sweden. Small pouches can be placed between your gum and the upper lip. As snus does not require spitting, it is much more discreet than tobacco. Snus gradually releases nicotine to provide a consistent and pleasing experience, without smoke or ash.<\/p><p>While nicotine pouches look similar to tobacco snus they don’t. It is a small white pouch filled with flavoring and nicotine. These pouches are similar to snus and can be used by placing the pouch between your gums. Nicotine can be enjoyed without smoke or smell. You can choose from a wide range of flavors, strengths, and sizes to satisfy your needs.<\/p>","suns_mart_head_2":"<h2>Affordable Snus Options to Use for All Occasions<\/h2>","suns_mart_text_2":"<p>SnusMart believes everyone should have affordable access to high-quality snus. We have cheap snus available that is not compromising on flavor. No matter if you are looking for something to consume on a daily basis or a special treat for a date night, we have the right snus at a price you can afford. SnusMart carries a range of snus that will suit any taste.<\/p>","suns_mart_head_3":"<h2>SnusMart’s range of well-known Brands<\/h2>","suns_mart_text_3":"<p>SnusMart takes great pride in its extensive selection of well known snus & nicotine pouch brands. Skruf is one of the many renowned names in our list of brands. Other renowned names include Gritt, Killa, ACE and Velo. We ensure our customers receive the highest quality products by partnering with these reputable brands.<\/p>","suns_mart_head_4":"<h2>Why Use SNUS?<\/h2>","suns_mart_text_4":"<p>Snus can be a good alternative to smoking for those seeking a nicotine experience. First, snus offers a discreet and convenient way to consume nicotine, without attracting unwanted attention or emitting unpleasant odors. Additionally, because snus doesn’t require you to spit or chew, it is less harmful for the teeth and gums. In addition, snus can be used in situations where smoking is forbidden. <\/p>","suns_mart_head_5":"<h2>How To Use Snus?<\/h2>","suns_mart_text_5":"<p>Snus is an easy and straightforward product to use. Begin by choosing a portion size, strength and flavor that fits your taste. Open the snus tin and take out some snus. Place the portion underneath your upper lip. It is best to place it on one side. As you keep the snus in your mouth, nicotine and flavors slowly begin to release, giving a lasting and satisfying sensation. You can keep it in place up to an entire hour depending on your taste. The used portion can be removed and disposed of properly once you have finished. Some snus tins come with a compartment in which you can keep the used snus until it’s time to throw it away.<\/p>","suns_mart_head_6":"<h2>Buy Snus from SnusMart.com<\/h2>","suns_mart_text_6":"<p>SnusMart.com offers the most convenient, easy and comfortable way to order snus. You can simply browse through our list of brands such as VELO, ACE, NOR, XTRIME, KILLA and many more and order the snus which suits perfectly to your taste. What makes us unique is our affordable pricing, quick and reliable shipping along with excellent customer care. SnusMart is committed to providing the highest-quality products at the lowest possible price.<\/p>","suns_mart_head_7":"<h2>About SnusMart<\/h2>","suns_mart_text_7":"<p>SnusMart.com is the best place to buy snus. We offer a wide selection of snus products from top snus brands. Our wide range of top-quality snus brands will ensure that you find the right match to suit your tastes and preferences. SnusMart.com offers a wide variety of snus brands, including VELO, Skruf, ZYN and Lyft. You can explore each brand to find one that suits you best. Our comprehensive range of snus products includes a variety of flavors and strengths for every taste.<\/p><p>SnusMart.com is committed to providing only the highest quality snus. Why wait? Discover why SnusMart.com is the preferred source of snus for so many.<\/p>"}}},"order":["video_qRaXr3","custom_video_Tpg3PW","suns_mart_icons_section_DHayWP","snus_mart_icons_section_2_9rxPK9","suns_mart_icon_section_3_JrynGT","snus_mart_tracker_QfRgBa","rich_text_H8WDcD","featured_collection_P8V3pk","rich_text_xHyUrR","featured_collection_Kbq7QF","rich_text_fR6Nfc","featured_collection_4ttTU6","rich_text_eWDaUV","featured_collection_fjJQtD","rich_text_xiD8Jc","featured_collection_VUiUR7","rich_text_88YCVK","featured_collection_8QJBJ3","image_with_text_Ark6tr","suns_mart_information_section_YMb9my"]}