{"name":"t:sections.footer.name","type":"footer","sections":{"newsletter_6Ggifx":{"type":"newsletter","blocks":{"heading_F6enin":{"type":"heading","settings":{"heading":"Subscribe to our emails","heading_size":"h1"}},"paragraph_yEC4kP":{"type":"paragraph","settings":{"text":"<p>Be the first to know about new collections and exclusive offers.<\/p>"}},"email_form_nqbFxb":{"type":"email_form","settings":{}}},"block_order":["heading_F6enin","paragraph_yEC4kP","email_form_nqbFxb"],"name":"t:sections.newsletter.presets.name","settings":{"color_scheme":"scheme-5357aedb-0c7a-4dad-8d3c-f08f0acffcd4","full_width":true,"padding_top":40,"padding_bottom":52}},"footer_payment_method_section_zBgYQd":{"type":"footer-payment-method-section","name":"Footer Payment","settings":{"about_us_text_1":"About Us","about_us_text_2":"<p>SnusMart is Europes number 1 supplier of snus and nicotine pouches. We guarantee the absolute best prices on the market and fast delivery.<br\/><strong>Cebion Services Sp Zoo<\/strong> Zelazna 40, lok 101<br\/>00-832 Warsaw<br\/>Poland<br\/>support@snusmart.<\/p>","information_text":"Information","information_1_list":"snus-mart-footer-menu","Blog_text":"Blog","Blog_1_list":"snus-mart-blogs-menu","Payment_text":"Payment Methods","payment_img_1":"shopify:\/\/shop_images\/Cawwwwwpture.png","payment_img_2":"shopify:\/\/shop_images\/Capwwwwture.png","payment_img_3":"shopify:\/\/shop_images\/Captusssssre.png","payment_img_4":"shopify:\/\/shop_images\/Captwwwwwwwwure.png","Delivery_text":"Delivery With","Delivery_img_1":"shopify:\/\/shop_images\/Caww2222pture.png","Delivery_img_2":"shopify:\/\/shop_images\/Cwwwwwspture.png","Trustpilot_text":"<p>Trustpilot<\/p>","Trust_Pilot_img_2":"shopify:\/\/shop_images\/Csaaaaapture.png"}},"footer":{"type":"footer","settings":{"color_scheme":"scheme-4","newsletter_enable":false,"newsletter_heading":"Subscribe to our emails","enable_follow_on_shop":true,"show_social":true,"enable_country_selector":false,"enable_language_selector":false,"payment_enable":false,"show_policy":false,"margin_top":0,"padding_top":36,"padding_bottom":36}}},"order":["newsletter_6Ggifx","footer_payment_method_section_zBgYQd","footer"]}